Wind Ts,Max Altitude,Wind Speed Avg (km/h),Wind Speed Min (km/h),Wind Speed Max (km/h),Wind Heading (degrees),Altitude Delta (m/s)
2023-11-03 10:35:02+00:00,510,15.5,10.0,21.5,225.0,0.13750874465604354
2023-11-03 10:40:02+00:00,523,15.0,10.5,20.0,225.0,0.07793623902664407
2023-11-03 10:45:05+00:00,501,17.0,11.0,24.5,225.0,-0.11407888503398282
2023-11-03 10:50:05+00:00,475,12.5,7.25,21.0,225.0,0.15571772323634742
2023-11-03 11:05:11+00:00,472,15.5,9.0,21.5,225.0,-0.09211514717583016
2023-11-03 11:10:11+00:00,481,15.0,10.0,19.0,225.0,0.03416862845805131
2023-11-03 11:15:14+00:00,497,14.0,9.75,20.5,225.0,-0.009374909460759726
2023-11-03 11:20:14+00:00,499,14.5,9.5,20.5,225.0,0.07586603466899497
2023-11-03 11:25:20+00:00,504,15.5,9.75,22.0,225.0,-0.0005853800786143482
2023-11-03 11:30:20+00:00,509,15.5,10.5,22.5,225.0,-0.05245209126311853
2023-11-03 11:35:23+00:00,508,14.5,9.5,22.0,225.0,-0.07878988818553588
2023-11-03 11:40:23+00:00,485,14.5,8.0,19.5,225.0,-0.05167893070545357
2023-11-03 12:05:33+00:00,518,14.0,6.75,22.0,247.5,0.4139158021092343
2023-11-03 12:10:33+00:00,567,16.5,9.25,24.5,225.0,0.26978416316472686
2023-11-03 12:15:35+00:00,581,20.0,9.5,29.0,225.0,-0.08860487117995201
2023-11-03 12:20:35+00:00,558,15.5,9.75,23.0,225.0,-0.20711522429442564
2023-11-03 12:25:39+00:00,525,17.5,12.5,24.5,225.0,0.07423357239686476
2023-11-03 12:30:39+00:00,500,16.0,10.5,22.0,225.0,-0.17394431295793458
2023-11-03 12:45:44+00:00,512,21.5,15.0,29.0,225.0,0.3438096741103132
2023-11-03 12:50:44+00:00,546,17.5,12.0,24.0,225.0,0.009449192482558192
2023-11-03 12:55:48+00:00,522,19.5,9.25,24.5,225.0,-0.05248759898321574
2023-11-03 13:00:48+00:00,514,18.0,13.5,25.0,225.0,-0.03726650678752943
2023-11-03 13:05:51+00:00,505,13.0,8.25,18.0,225.0,-0.0682183903413773
2023-11-03 13:10:51+00:00,471,14.5,8.25,19.5,225.0,0.07708048856296376
2023-11-03 13:15:54+00:00,486,14.5,9.0,25.0,225.0,0.5093475073313786
2023-11-03 13:20:54+00:00,527,18.0,11.5,24.5,225.0,0.00853094541374227
2023-11-03 13:25:57+00:00,527,17.5,10.5,23.5,225.0,0.03538921580437728
2023-11-03 13:30:57+00:00,548,15.5,11.0,20.0,247.5,-0.1971415370398891
2023-11-03 13:36:00+00:00,504,11.5,8.25,16.0,225.0,-0.17655527663956624
2023-11-03 13:41:00+00:00,473,14.0,9.25,21.0,225.0,0.13804334711968969
2023-11-08 10:37:54+00:00,504,13.5,10.0,22.5,202.5,-0.45108461648863085
2023-11-08 10:42:57+00:00,468,13.5,9.5,18.0,225.0,-0.43478260869565205
2023-11-08 10:47:57+00:00,472,14.0,9.75,18.5,202.5,-0.0006613715869837846
2023-11-08 10:53:00+00:00,480,13.5,7.25,19.5,202.5,0.05745798890728098
2023-11-08 10:58:00+00:00,509,14.5,9.75,20.5,225.0,-0.2642200039146604
2023-11-08 11:03:03+00:00,492,13.5,9.0,20.5,202.5,-0.024010461165206835
2023-11-08 11:08:03+00:00,442,12.5,7.0,20.0,202.5,-0.05000000000000002
2023-11-08 11:13:07+00:00,469,11.0,6.5,16.5,202.5,-0.17203972498090145
2023-11-08 11:18:07+00:00,475,13.0,8.25,18.0,202.5,0.07540561328147675
2023-11-08 11:23:49+00:00,483,14.5,10.5,21.5,202.5,-0.009193417310036572
2023-11-08 11:28:49+00:00,472,14.0,10.5,20.5,202.5,0.10105398091439967
2023-11-08 11:33:51+00:00,483,12.5,6.25,20.0,180.0,-0.03462627673311499
2023-11-08 11:38:51+00:00,489,12.0,7.5,18.5,202.5,0.07112218307318877
2023-11-08 11:43:55+00:00,480,11.5,8.0,17.0,225.0,-0.028676969096818456
2023-11-08 11:53:58+00:00,477,11.0,5.5,17.5,202.5,-0.11247883387886344
2023-11-08 11:58:58+00:00,483,12.5,8.0,17.5,202.5,0.0447577905642288
2023-11-08 12:04:01+00:00,481,14.5,8.0,21.5,247.5,-0.14385363064608347
2023-11-08 12:14:04+00:00,478,14.0,8.0,22.5,202.5,-0.0019335621275960396
2023-11-08 12:19:04+00:00,491,14.5,9.75,20.0,202.5,-0.09028360212096544
2023-11-08 12:24:07+00:00,476,13.0,8.25,19.5,202.5,0.1417988462201081
2023-11-08 12:29:07+00:00,485,12.5,8.0,21.5,202.5,0.0214102967196237
2023-11-08 12:34:10+00:00,529,14.5,9.5,20.0,202.5,0.23080170550332627
2023-11-08 12:39:10+00:00,509,17.0,12.0,24.0,202.5,-0.15256744964522787
2023-11-08 12:44:13+00:00,479,15.0,10.0,21.0,202.5,-0.06383955708394573
2023-11-08 12:49:13+00:00,478,12.5,8.5,17.5,202.5,0.12994785593276278
2023-11-08 12:54:16+00:00,472,12.5,7.25,16.0,202.5,-0.024561403508771923
2023-11-08 13:04:20+00:00,476,12.0,6.75,17.0,225.0,-0.04810255652430915
2023-11-08 13:09:20+00:00,447,12.5,8.0,17.5,202.5,-0.7249331550802137
2023-11-08 13:24:25+00:00,471,13.5,6.0,18.5,202.5,-0.5225909951609512
2023-11-08 13:44:31+00:00,473,12.5,6.25,18.0,202.5,0.08130795796601521
2023-11-08 13:54:34+00:00,468,12.5,8.0,18.0,180.0,-0.6203728855414249
2023-11-08 14:09:37+00:00,472,10.5,7.0,14.5,202.5,-1.6999999999999997
2023-11-08 14:14:40+00:00,473,11.5,6.25,15.5,202.5,0.05298475826490747
2023-11-08 14:39:47+00:00,471,12.0,8.25,15.0,225.0,-0.44119769119769137
2023-11-11 09:56:01+00:00,483,19.5,13.0,27.0,225.0,0.0051679586563307504
2023-11-11 10:01:01+00:00,480,14.5,10.5,17.5,225.0,-0.027200220627109903
2023-11-11 10:06:05+00:00,470,17.0,10.0,25.0,225.0,-0.020148119696810355
2023-11-11 10:11:05+00:00,468,14.5,8.75,21.5,225.0,0.003863086066475916
2023-11-11 10:16:08+00:00,507,13.0,7.25,18.5,225.0,0.11450324808503376
2023-11-11 10:21:08+00:00,603,17.0,10.5,25.5,225.0,0.26460187894655773
2023-11-11 10:26:11+00:00,550,14.5,8.5,23.5,225.0,-0.14746508643515774
2023-11-11 10:31:11+00:00,584,15.5,8.75,28.0,225.0,0.41385492068381335
2023-11-11 10:36:13+00:00,652,19.5,12.5,26.0,225.0,-0.7599612769796042
2023-11-11 10:41:13+00:00,436,22.0,10.5,29.0,225.0,0.35000000000000003
2023-11-11 11:01:20+00:00,491,23.0,15.5,28.5,225.0,-0.12189610036621645
2023-11-11 11:06:23+00:00,582,21.0,15.0,28.0,225.0,0.4280165932150628
2023-11-11 11:11:23+00:00,602,22.0,16.0,29.0,225.0,0.35012078942157476
2023-11-11 11:16:25+00:00,588,24.5,17.0,30.5,225.0,-0.311968933576819
2023-11-11 11:21:25+00:00,531,20.0,13.5,27.5,225.0,0.02452489062571862
2023-11-11 11:26:32+00:00,542,20.5,13.5,29.0,225.0,-0.040929502786344205
2023-11-11 11:31:32+00:00,520,21.0,13.5,31.0,225.0,-0.06203111881788672
2023-11-11 11:36:35+00:00,496,22.5,15.5,30.0,225.0,0.0008239799917080227
2023-11-11 13:07:02+00:00,473,14.5,7.5,21.0,225.0,-0.026969451454315046
2023-11-11 13:12:02+00:00,465,9.25,4.0,16.0,225.0,0.020856458026577204
2023-11-11 13:17:06+00:00,473,11.0,5.75,15.5,225.0,0.094095166995503
2023-11-11 13:22:06+00:00,548,14.5,8.75,22.5,225.0,0.2252773688533297
2023-11-11 13:27:08+00:00,569,18.5,12.5,28.0,225.0,-0.004216628897053971
2023-11-11 13:32:08+00:00,571,18.5,13.0,25.0,225.0,-0.2741288420496798
2023-11-11 13:37:11+00:00,509,18.5,11.0,27.5,225.0,0.0846922497551978
2023-11-11 13:42:11+00:00,515,18.0,10.5,25.0,225.0,-0.04282154800153619
2023-11-11 13:47:15+00:00,490,16.0,12.0,22.0,225.0,-0.11597463631771322
2023-11-11 13:57:17+00:00,465,12.5,8.0,17.0,225.0,-0.04428920238741184
2023-11-11 14:02:17+00:00,466,11.5,6.75,19.5,225.0,-0.6914344685242517
2023-11-11 14:07:20+00:00,470,13.0,9.25,18.0,225.0,0.15610613401401843
2023-11-11 14:12:20+00:00,466,14.0,9.75,20.5,225.0,-0.06626840789108089
2023-11-11 14:17:24+00:00,454,12.0,8.0,18.0,225.0,0.04677760904954547
2023-11-11 14:22:24+00:00,505,12.5,8.75,17.5,225.0,0.17206354095619456
2023-11-11 14:27:26+00:00,500,13.0,8.5,18.5,225.0,-0.11312366131779465
2023-11-11 14:32:26+00:00,474,13.5,7.0,20.5,225.0,-0.045026970934961254
2023-11-11 14:37:30+00:00,497,14.5,10.0,22.0,225.0,0.13567163029030457
2023-11-11 14:42:30+00:00,503,15.5,10.0,21.0,225.0,-0.076229785923302
2023-11-11 14:47:32+00:00,516,14.5,10.0,21.0,225.0,-0.05080944313656465
2023-11-11 14:52:32+00:00,518,12.0,8.0,18.0,225.0,-0.16351675430683593
2023-11-11 14:57:36+00:00,471,13.0,8.0,19.5,225.0,0.025804857457607928
2023-11-11 15:27:45+00:00,488,12.5,8.0,18.5,225.0,0.005504019789734074
2023-11-11 15:32:45+00:00,476,11.0,8.0,18.0,225.0,-0.23985962905106603
2023-11-11 15:37:48+00:00,412,10.5,7.25,14.5,225.0,0.03001143000045092
2023-11-11 15:42:48+00:00,410,8.75,5.25,12.5,225.0,0.0057948119953356355
2023-11-11 15:47:51+00:00,432,8.25,4.75,13.0,225.0,-0.016137278509703954
2023-11-11 15:52:51+00:00,411,9.75,5.0,16.5,225.0,-0.022938109172515462
2023-11-11 15:57:54+00:00,407,9.0,6.25,13.0,225.0,0.0068017978669662965
2023-11-11 16:02:54+00:00,436,8.5,6.0,11.5,225.0,0.011126707883214888
2023-11-11 16:07:57+00:00,443,9.25,5.0,13.5,225.0,0.023235119269996128
2023-11-11 16:12:57+00:00,432,10.0,7.0,15.0,225.0,0.19878942853906043
2023-11-25 13:19:13+00:00,507,19.5,14.0,29.0,225.0,0.3897353648757018
2023-11-25 13:24:15+00:00,536,19.0,13.0,27.0,225.0,0.013593100261820422
2023-11-25 13:29:15+00:00,525,16.5,10.0,23.5,225.0,-0.03915469406613717
2023-11-25 13:34:18+00:00,557,19.0,12.5,28.0,225.0,-0.08659221953965875
2023-11-25 13:39:18+00:00,542,18.5,12.0,25.5,225.0,0.05112937422980377
2023-11-25 13:44:22+00:00,547,19.0,13.0,29.0,225.0,-0.23821432329147413
2023-11-25 13:49:22+00:00,473,19.0,14.0,26.0,225.0,-0.1185822432340074
2023-11-26 11:46:52+00:00,485,14.5,9.5,20.0,225.0,0.3475750773249798
2023-11-26 11:51:54+00:00,522,15.0,10.0,22.0,225.0,0.040075245869177774
2023-11-26 11:56:54+00:00,528,14.5,9.0,21.0,225.0,0.08277198096699066
2023-11-26 12:01:58+00:00,535,15.0,10.0,20.5,225.0,0.14329260256557433
2023-11-26 12:06:58+00:00,539,14.5,9.5,22.5,225.0,-0.27452113264834654
2023-11-26 12:12:01+00:00,568,16.5,11.5,22.5,225.0,0.2708023503060961
2023-11-26 12:17:01+00:00,557,18.5,12.0,26.5,225.0,-0.33114078898154053
2023-11-26 12:22:04+00:00,501,16.0,11.5,22.0,202.5,0.07261829789060177
2023-11-26 12:27:04+00:00,494,16.5,12.0,21.5,225.0,-0.04170161272579262
2023-11-26 12:32:07+00:00,485,15.0,10.0,20.5,225.0,-0.026008424696730304
2023-11-26 12:37:07+00:00,485,16.5,10.5,24.0,225.0,0.07017758726270666
2023-11-26 12:47:10+00:00,535,16.5,9.75,23.0,202.5,0.3571538347864637
2023-11-26 12:52:13+00:00,511,17.0,10.0,23.0,202.5,-0.0080545886539546
2023-11-26 12:57:13+00:00,513,20.5,13.5,26.5,202.5,0.05927042309300125
2023-11-26 13:02:16+00:00,475,17.5,12.5,22.0,225.0,0.09017196410626958
2023-11-26 13:07:16+00:00,493,16.5,11.5,21.5,202.5,-0.01803348661195573
2023-11-26 13:12:19+00:00,515,18.0,11.0,25.5,225.0,0.1599300388994698
2023-11-26 13:17:19+00:00,539,18.0,11.5,28.0,225.0,-0.25183338557833246
2023-11-26 13:22:23+00:00,455,18.0,8.75,26.5,202.5,0.14707667990182444
2023-11-26 13:27:23+00:00,471,22.0,16.0,27.5,202.5,0.05917798028640506
2023-11-26 16:08:11+00:00,1788,8.25,4.75,13.0,202.5,-2.1244444444444435
2023-11-26 16:13:14+00:00,1733,8.0,5.0,13.5,202.5,-2.826821635859397
2023-11-26 16:18:14+00:00,975,6.5,3.75,11.5,202.5,0.051488031054561144
2023-12-20 09:54:43+00:00,476,14.0,10.5,18.0,225.0,-0.00741301999988691
2023-12-20 09:59:43+00:00,473,14.5,10.0,19.0,225.0,0.04056936483592597
2023-12-20 10:04:47+00:00,473,12.5,7.5,17.5,225.0,-0.050249793116130814
2023-12-20 10:09:47+00:00,456,13.0,10.5,16.0,225.0,0.3999999999999999
2023-12-20 10:19:49+00:00,495,13.0,9.75,19.0,225.0,0.1270954264633983
2023-12-20 10:24:52+00:00,497,15.0,10.5,19.5,225.0,-0.026713133129334585
2023-12-20 10:29:52+00:00,491,15.5,10.5,20.0,225.0,-0.029645025183251413
2023-12-20 10:34:56+00:00,490,13.5,10.0,18.0,225.0,-0.13477533647133624
2023-12-20 10:39:56+00:00,473,14.0,9.75,18.0,225.0,-0.04877344877344878
2023-12-20 10:44:58+00:00,477,14.0,9.25,18.5,225.0,0.08669540323191652
2023-12-20 11:00:01+00:00,472,16.0,10.5,21.5,225.0,-0.0052685539723390466
2023-12-20 11:05:05+00:00,470,14.0,9.5,20.5,225.0,-0.14763044393014943
2023-12-20 12:56:29+00:00,467,11.0,7.25,14.0,247.5,-0.7126530612244896
2023-12-26 11:15:53+00:00,501,17.5,11.5,24.0,225.0,0.0402368420755469
2023-12-26 11:20:56+00:00,514,17.0,9.0,21.5,225.0,-0.1490117417277359
2023-12-26 11:25:56+00:00,474,18.5,12.0,24.0,225.0,0.02127426736899732
2023-12-26 11:31:50+00:00,527,16.0,10.0,20.0,225.0,0.11652297730388901
2023-12-26 11:36:50+00:00,536,15.5,8.0,22.5,225.0,-0.22471661373775287
2023-12-26 11:41:53+00:00,494,17.5,12.5,26.0,225.0,-0.03109522056890477
2023-12-26 11:46:53+00:00,471,20.5,15.0,27.0,225.0,-0.0014407454642804518
2023-12-26 11:51:56+00:00,469,18.5,10.5,25.5,225.0,0.010554088380307941
2023-12-26 12:01:59+00:00,490,18.5,13.0,26.0,225.0,0.018671847133244525
2023-12-26 12:06:59+00:00,475,19.5,15.0,25.5,225.0,0.0367045123588312
2023-12-26 12:12:02+00:00,473,17.5,13.0,24.0,225.0,0.0
2023-12-26 12:17:02+00:00,513,17.0,10.0,22.5,225.0,0.2078394964594807
2023-12-26 12:22:04+00:00,513,19.5,15.0,29.5,225.0,-0.03738751622626566
2023-12-26 12:27:04+00:00,513,17.0,11.0,24.5,225.0,0.0342236694462168
2023-12-26 12:32:07+00:00,542,20.5,15.0,25.5,225.0,0.07499404755551131
2023-12-26 12:37:07+00:00,517,22.5,16.5,28.0,225.0,-0.12276415692795584
2023-12-26 12:42:11+00:00,474,15.5,11.0,21.5,225.0,0.20214285714285718
2023-12-26 12:47:11+00:00,503,17.0,12.0,22.5,202.5,0.025861697212382562
2023-12-26 12:52:14+00:00,523,18.0,13.5,24.0,225.0,-0.11644854833330465
2023-12-26 12:57:14+00:00,438,17.5,10.0,26.0,225.0,0.019607843137254905
2023-12-26 13:32:26+00:00,492,15.5,12.0,19.5,225.0,0.06964006875828316
2023-12-26 13:37:26+00:00,472,16.5,12.5,22.0,225.0,0.007896074662131216
2023-12-26 13:42:29+00:00,515,15.5,11.5,23.5,225.0,0.17071054432366978
2023-12-26 13:47:29+00:00,504,20.5,14.5,29.0,225.0,-0.14616400079206177
2023-12-26 13:52:32+00:00,472,19.0,14.0,23.0,225.0,0.10326622605785946
2023-12-26 14:22:41+00:00,513,21.0,14.0,28.5,225.0,0.08770003697318238
2023-12-26 14:27:41+00:00,516,22.0,16.0,29.5,225.0,0.07792699830586783
2023-12-26 14:32:44+00:00,517,21.0,16.0,26.5,225.0,-0.3853221393016033
2024-01-14 12:12:21+00:00,476,12.5,10.0,16.0,225.0,-1.0539130434782609
2024-01-14 12:17:24+00:00,473,12.0,7.25,16.0,225.0,0.0711027462408678
2024-01-14 12:27:27+00:00,470,10.5,6.0,15.0,225.0,0.06018038565208378
2024-01-14 12:32:27+00:00,472,9.5,4.0,13.0,225.0,0.09562295499519975
2024-01-14 12:42:30+00:00,473,9.75,7.5,12.0,225.0,-0.8762674825174825
2024-01-14 13:47:52+00:00,470,8.25,5.5,12.5,225.0,-0.39923076923076906
2024-01-14 13:52:52+00:00,473,10.0,6.5,12.5,225.0,0.07229233397394831
2024-01-14 13:57:55+00:00,469,9.25,6.75,11.5,225.0,-0.19196972456640962
2024-01-14 14:02:55+00:00,477,8.25,5.25,11.5,225.0,0.19507689599788783
2024-01-14 14:07:58+00:00,475,7.75,5.0,10.0,225.0,-0.4999999999999999
2024-01-14 14:12:58+00:00,471,8.5,4.75,12.5,225.0,0.06420074770590237
2024-01-14 14:18:01+00:00,472,7.0,4.75,8.75,225.0,0.0017979904812268656
2024-01-14 14:43:07+00:00,475,9.75,5.5,12.5,225.0,0.09852073297738353
2024-01-14 14:48:10+00:00,480,8.25,6.5,10.5,225.0,-0.32636237884007
2024-02-04 10:48:01+00:00,482,15.5,8.0,20.5,225.0,0.21008613503751047
2024-02-04 10:53:01+00:00,506,17.0,10.5,23.0,225.0,-0.0009302325581395395
2024-02-04 10:58:03+00:00,484,16.5,12.0,22.5,225.0,-0.05918329629711118
2024-02-04 11:03:03+00:00,473,17.0,11.5,24.0,225.0,-0.03614001892147587
2024-02-04 11:08:06+00:00,565,16.0,12.5,21.5,225.0,0.18635953620754075
2024-02-04 11:13:06+00:00,586,19.5,14.5,25.5,225.0,-0.14829777514725356
2024-02-04 11:18:10+00:00,556,15.0,9.5,20.0,225.0,-0.0638509407694196
2024-02-04 11:23:10+00:00,695,16.0,10.5,21.5,225.0,0.43931132437878684
2024-02-04 11:29:09+00:00,795,15.5,10.0,20.0,247.5,-0.11155849999457379
2024-02-04 11:34:09+00:00,645,15.5,11.0,21.0,225.0,-0.5113821468597598
2024-02-04 11:59:18+00:00,474,13.0,8.0,20.0,225.0,0.0306010539809144
2024-02-04 12:04:18+00:00,470,15.0,10.5,20.5,225.0,0.004120832078366875
2024-02-04 12:09:21+00:00,469,12.0,9.0,16.0,225.0,-0.008129324151967918
2024-02-04 12:14:21+00:00,480,17.0,10.5,23.0,202.5,-0.09267166403335894
2024-02-04 12:19:25+00:00,466,16.0,9.25,20.0,225.0,0.05541871921182267
2024-02-04 12:29:28+00:00,478,12.5,8.5,19.5,225.0,-0.011583227254060002
2024-02-04 12:34:28+00:00,469,16.0,10.0,22.5,225.0,0.03925598891066858
2024-02-04 12:39:30+00:00,467,14.0,9.25,19.5,225.0,0.08214953903027299
2024-02-04 12:44:30+00:00,469,14.0,11.0,17.5,225.0,0.05594405594405593
2024-02-04 12:49:34+00:00,496,16.0,11.5,21.0,225.0,0.13770438450634792
2024-02-04 12:54:34+00:00,565,17.5,13.0,22.5,225.0,0.17268310928252403
2024-02-04 12:59:37+00:00,530,15.5,11.5,19.5,225.0,-0.05201706723223422
2024-02-04 13:04:37+00:00,500,15.5,10.5,21.5,225.0,0.037136696662339666
2024-02-04 13:09:39+00:00,555,15.5,8.5,22.0,247.5,-0.12305383819937955
2024-02-04 13:14:39+00:00,474,16.0,11.0,22.0,225.0,-0.029210436829914317
2024-02-04 13:19:43+00:00,469,14.5,10.0,20.0,225.0,0.06946548597034036
2024-02-04 13:24:43+00:00,472,12.5,7.25,18.5,225.0,0.035916142887760405
2024-02-04 13:44:49+00:00,478,13.0,8.0,18.5,202.5,0.06420576327697067
2024-02-04 13:49:52+00:00,499,15.5,10.0,24.0,202.5,0.01688555469702874
2024-02-04 13:54:52+00:00,514,17.0,11.0,26.0,225.0,0.08400035202745815
2024-02-04 13:59:55+00:00,510,16.0,11.5,20.0,225.0,-0.1817971008750206
2024-02-04 14:04:55+00:00,504,14.5,11.0,20.5,225.0,0.009171195353237545
2024-02-04 14:09:58+00:00,517,15.0,11.0,19.5,225.0,0.02540174371224717
2024-02-04 14:14:58+00:00,527,17.5,11.0,22.5,225.0,-0.08535169743239972
2024-02-04 14:20:01+00:00,535,15.0,10.0,25.0,247.5,0.0905823723557368
2024-02-04 14:25:01+00:00,568,18.5,13.0,27.0,247.5,-0.4384317176739785
2024-02-04 14:30:03+00:00,471,17.5,10.0,22.0,247.5,0.03202613803876702
2024-02-04 14:35:03+00:00,478,13.0,5.75,19.0,225.0,-0.03193624557260921
2024-02-04 15:15:17+00:00,470,13.0,6.75,19.0,225.0,0.11110508033000434
2024-02-04 15:20:19+00:00,472,10.5,6.25,15.0,225.0,0.02098602754711353
2024-02-04 15:25:19+00:00,470,12.5,8.25,16.5,225.0,0.05826941932703949
2024-02-04 15:30:23+00:00,470,12.0,7.0,16.0,225.0,-0.23355994465912885
2024-02-11 11:42:28+00:00,519,13.0,9.25,19.5,225.0,0.3128231933839864
2024-02-11 11:47:28+00:00,540,13.5,6.0,19.5,247.5,0.028004664363820386
2024-02-11 11:52:31+00:00,550,16.0,11.5,21.5,225.0,-0.40955127173186834
2024-02-11 11:57:31+00:00,462,14.5,10.0,19.5,225.0,0.020754348250928284
2024-02-11 12:02:35+00:00,476,12.0,5.25,19.0,225.0,-0.06234837872006012
2024-02-11 12:07:35+00:00,465,15.5,8.0,24.0,225.0,0.09480948094809481
2024-02-11 12:12:37+00:00,469,12.0,5.75,16.5,225.0,0.055940381829472745
2024-02-11 12:17:37+00:00,462,14.5,10.5,21.0,225.0,0.04943534332520041
2024-02-11 12:22:40+00:00,501,13.5,6.0,21.0,225.0,0.1705007621362291
2024-02-11 12:27:40+00:00,497,16.5,11.0,21.5,225.0,-0.05480231458053728
2024-02-11 12:32:43+00:00,529,16.0,10.0,22.0,225.0,0.07165523267250487
2024-02-11 12:37:43+00:00,535,18.5,12.5,27.0,225.0,-0.4021666286049028
2024-02-11 12:42:47+00:00,476,21.0,12.5,28.5,225.0,0.01521320643208191
2024-02-11 12:47:47+00:00,504,18.5,13.0,26.0,225.0,0.06140414952366284
2024-02-11 12:52:50+00:00,511,18.5,7.0,29.0,225.0,0.09639079638303004
2024-02-11 12:57:50+00:00,539,21.5,16.0,32.0,225.0,0.16052584101559922
2024-02-11 13:02:52+00:00,534,21.0,15.5,29.0,225.0,-0.5550112505824311
2024-02-11 13:12:56+00:00,474,16.5,7.75,25.0,225.0,0.07721032600660581
2024-02-11 13:17:56+00:00,471,14.0,9.75,20.5,225.0,-0.07252673796791444
2024-02-11 13:22:58+00:00,482,13.5,10.0,22.0,202.5,0.027592377478039658
2024-02-11 13:27:58+00:00,480,17.0,11.5,22.5,202.5,-0.025526250813674226
2024-02-11 13:33:01+00:00,477,16.5,11.5,22.0,225.0,-0.07358380202474694
2024-02-11 13:38:01+00:00,477,15.0,10.5,19.5,202.5,-0.00042198201707403863
2024-02-11 13:43:05+00:00,505,15.5,9.25,24.0,225.0,0.1368800658146905
2024-02-11 13:48:05+00:00,515,19.0,14.0,24.0,225.0,-0.14454086328028556
2024-02-11 14:28:16+00:00,474,12.0,8.0,19.0,225.0,0.16691391146531998
2024-02-11 14:33:20+00:00,483,13.0,8.25,19.5,225.0,-0.059697750395424805
2024-02-11 14:38:20+00:00,489,14.5,8.25,22.0,225.0,0.02262612483773735
2024-02-11 14:43:23+00:00,534,18.0,13.0,22.5,225.0,0.1862275356487707
2024-02-11 14:48:23+00:00,512,18.0,11.0,25.5,225.0,-0.07950452135266547
2024-02-11 14:53:26+00:00,525,19.5,13.0,28.0,225.0,0.12396355034504569
2024-02-11 14:58:26+00:00,522,15.0,11.0,19.0,225.0,-0.14497194781192932
2024-02-11 15:03:29+00:00,484,15.5,12.0,19.5,225.0,0.046223862887047766
2024-02-11 15:08:29+00:00,476,16.0,11.0,21.0,225.0,-0.02963352662794484
2024-02-11 15:13:32+00:00,466,15.5,11.0,22.5,225.0,0.01577777009185735
2024-02-11 15:18:32+00:00,471,16.0,11.5,21.0,225.0,-0.03427339332467932
2024-02-11 15:23:34+00:00,493,19.5,14.0,23.5,225.0,0.04880948713999691
2024-02-11 15:28:34+00:00,489,15.5,10.5,21.5,225.0,0.004973041362572813
2024-02-11 15:33:38+00:00,540,16.0,11.0,25.5,225.0,0.03652807691277145
2024-02-11 15:38:38+00:00,483,16.5,11.0,23.0,225.0,0.0614164704846978
2024-02-11 15:43:41+00:00,499,17.0,10.5,22.5,225.0,0.04387926416676342
2024-02-11 15:48:41+00:00,513,15.0,10.0,19.5,225.0,-0.09671778398715099
2024-02-11 15:53:44+00:00,470,15.5,10.5,22.5,225.0,0.11974804221995233
2024-05-03 08:36:47+00:00,429,18.5,11.5,27.5,225.0,0.4138461538461537
2024-05-03 08:41:50+00:00,453,20.0,14.0,29.5,225.0,-0.17343786834895095
2024-05-03 08:46:50+00:00,424,20.5,10.0,30.0,225.0,0.031836498857932376
2024-05-03 09:01:56+00:00,455,19.5,11.0,28.0,225.0,0.0655841511773715
2024-05-03 09:06:56+00:00,443,18.5,12.0,26.0,225.0,-0.015225705722699977
2024-05-03 09:11:59+00:00,427,16.0,10.0,25.0,225.0,0.010807390838910223
2024-05-03 09:16:59+00:00,560,19.0,11.0,26.5,225.0,0.41063872288969233
2024-05-03 09:22:03+00:00,562,16.5,12.5,24.0,225.0,-0.5005301106555619
2024-05-03 09:27:03+00:00,629,21.5,14.0,28.5,225.0,0.7940573364722447
2024-05-03 09:32:05+00:00,629,20.0,9.0,29.0,225.0,0.4019489120151372
2024-05-03 09:37:05+00:00,702,20.0,12.5,25.5,225.0,-0.5421654089018942
2024-05-03 09:42:08+00:00,504,18.5,11.0,26.0,225.0,-0.9686587316643192
2024-05-03 10:02:14+00:00,444,19.0,13.0,27.0,225.0,0.1059829961792815
2024-05-03 10:07:14+00:00,525,20.5,13.5,27.5,225.0,0.05508009822785981
2024-05-03 10:12:18+00:00,494,18.5,11.5,27.5,225.0,-0.07713365998983565
2024-05-03 10:17:18+00:00,470,16.5,10.5,22.5,225.0,0.16804030714395723
2024-05-03 10:22:21+00:00,491,15.5,10.0,22.5,225.0,0.08873313900662468
2024-05-03 10:27:21+00:00,475,15.0,9.75,20.5,225.0,0.031069063386944172
2024-05-03 10:32:24+00:00,744,15.0,9.5,25.0,225.0,1.0202095565434302
2024-05-03 10:37:24+00:00,770,15.0,8.5,19.5,225.0,-0.3606371696992367
2024-05-03 10:42:27+00:00,718,17.5,11.5,24.5,225.0,-0.4525132168229914
2024-05-03 10:47:27+00:00,577,15.0,11.0,20.5,225.0,0.18111284680205056
2024-05-03 10:52:30+00:00,782,15.5,7.25,22.0,225.0,0.9697500365424542
2024-05-03 10:57:30+00:00,963,16.0,11.0,24.0,225.0,0.6315372599062729
2024-05-03 11:02:33+00:00,965,13.5,8.75,20.0,225.0,-0.8467033695955017
2024-05-03 11:07:33+00:00,1034,14.5,9.75,22.5,225.0,1.0403304657763304
2024-05-03 11:12:36+00:00,1165,15.0,10.5,22.5,202.5,-0.3947369280942527
2024-05-03 11:17:36+00:00,1149,14.5,9.25,19.0,225.0,0.7539592088182876
2024-05-03 11:22:39+00:00,1067,14.5,7.75,23.0,247.5,-1.4999903061745745
2024-05-03 11:27:39+00:00,596,17.0,12.0,23.5,225.0,0.1696376298408997
2024-05-03 11:32:42+00:00,634,16.5,12.0,23.0,225.0,-0.4220234128757092
2024-05-03 11:37:42+00:00,493,17.0,8.5,23.0,225.0,0.1585988034088755
2024-05-03 11:42:45+00:00,513,15.5,10.0,22.5,225.0,-0.7732273918831122
2024-05-03 13:43:21+00:00,423,8.25,3.25,15.5,225.0,0.12758374887708576
2024-06-06 12:01:31+00:00,449,14.0,6.5,22.5,247.5,-0.31015843327163495
2024-06-06 12:06:31+00:00,428,10.5,2.25,21.0,247.5,-0.07063745562260879
2024-06-06 12:11:34+00:00,426,10.5,2.0,20.0,225.0,0.31208469130759386
2024-06-06 12:21:37+00:00,472,15.0,7.25,26.0,247.5,-0.15094300362328295
2024-06-06 12:26:37+00:00,423,13.0,6.5,20.0,247.5,0.13964194937075577
2024-06-06 12:31:41+00:00,416,12.0,8.5,18.5,247.5,-0.24374391431353454
2024-06-06 12:36:41+00:00,394,11.5,7.0,18.0,247.5,-0.07680934650926041
2024-06-06 12:46:44+00:00,479,14.5,8.0,21.0,247.5,0.23358444267396328
2024-06-06 12:51:47+00:00,574,14.5,7.75,21.0,225.0,0.48658864698377163
2024-06-06 12:56:47+00:00,576,20.0,9.5,31.0,202.5,-0.6288860827008029
2024-06-06 13:01:49+00:00,406,16.0,8.0,25.0,202.5,0.1338522325681308
2024-06-06 13:21:56+00:00,455,18.0,8.5,29.5,202.5,0.09324528846452007
2024-06-06 13:26:56+00:00,468,16.5,8.25,30.5,225.0,-0.03445952784317177
2024-06-06 13:31:58+00:00,552,19.0,10.5,25.5,225.0,-0.25769994059536644
2024-06-06 13:36:58+00:00,462,16.0,8.0,26.5,225.0,-0.07533300468723686
2024-06-06 13:42:02+00:00,474,15.5,8.0,24.0,225.0,-0.18134054060177085
2024-06-06 13:47:02+00:00,465,16.5,9.5,29.0,225.0,0.1450106708323249
2024-06-06 13:52:05+00:00,463,17.0,9.75,24.0,225.0,-0.07907497761991698
2024-06-06 13:57:05+00:00,457,16.0,9.25,26.0,225.0,0.3714716655893127
2024-06-06 14:02:08+00:00,466,19.5,11.0,29.0,202.5,-0.12234479041840511
2024-06-06 14:07:08+00:00,454,18.5,11.0,27.0,225.0,0.08228597830630788
2024-06-06 14:12:11+00:00,452,13.0,5.25,21.0,225.0,-0.1583532143121204
2024-06-06 14:17:11+00:00,413,11.0,5.0,19.0,225.0,-0.22320706141963953
2024-06-06 14:22:14+00:00,396,12.0,7.25,19.5,225.0,0.010960882121291673
2024-06-06 14:27:14+00:00,481,12.0,2.25,19.5,247.5,0.2684629941492038
2024-06-06 14:32:16+00:00,476,15.0,10.0,21.0,225.0,-0.32836808954045604
2024-06-06 14:37:16+00:00,418,13.0,7.0,21.5,247.5,0.15580784033157347
2024-06-07 12:59:04+00:00,431,20.0,5.0,33.5,202.5,-0.096173300208576
2024-06-07 13:04:04+00:00,501,11.5,4.75,17.5,247.5,0.29664737849552275
2024-06-07 13:09:06+00:00,509,18.0,10.0,28.0,225.0,-0.227875734307276
2024-06-07 13:14:06+00:00,448,18.0,11.5,27.0,225.0,0.030041583243492986
2024-06-07 13:19:09+00:00,484,14.0,8.25,20.5,225.0,0.06732830111243725
2024-06-07 13:24:09+00:00,435,21.0,13.5,33.0,225.0,-0.0998665913475081
2024-06-07 13:49:19+00:00,482,16.5,9.25,26.0,225.0,0.24089707465092342
2024-06-07 13:54:19+00:00,523,17.0,11.0,24.0,225.0,-0.19602693010054784
2024-06-07 13:59:22+00:00,424,20.0,13.0,28.5,247.5,0.18346336530130797
2024-06-07 14:09:25+00:00,422,13.5,6.5,19.5,247.5,-0.19205095346479736
2024-06-07 14:14:25+00:00,435,18.5,12.0,27.5,225.0,0.14114379949730763
2024-06-07 14:19:28+00:00,521,17.0,8.25,25.0,225.0,0.08752086623152636
2024-06-07 14:24:28+00:00,519,15.5,9.25,21.0,247.5,0.0649341048601791
2024-06-07 14:29:31+00:00,442,13.5,9.5,18.5,225.0,-0.14482648991279806
2024-06-07 14:34:31+00:00,441,12.5,8.0,24.0,247.5,-0.2365036774415403
2024-06-07 14:39:34+00:00,462,20.0,12.0,29.0,225.0,0.11487191434967815
2024-06-07 14:44:34+00:00,421,22.0,13.5,31.5,225.0,-0.4886324728903458
2024-06-07 15:19:46+00:00,474,14.5,9.0,21.0,202.5,0.025224013140323673
2024-06-07 15:24:46+00:00,446,12.0,8.0,23.0,225.0,0.15355979296725772
2024-06-07 15:30:37+00:00,521,18.5,10.5,28.5,225.0,-0.31360179416463535
2024-06-07 15:35:37+00:00,472,16.5,10.5,26.0,225.0,0.24537406105241083
2024-06-07 15:40:40+00:00,557,18.0,11.5,26.0,247.5,0.1424301788608818
2024-06-07 15:45:40+00:00,549,15.5,9.75,23.5,225.0,-0.3372247035268751
2024-06-07 15:50:43+00:00,468,16.5,9.75,23.0,225.0,-0.0701758895609699
2024-06-07 15:55:43+00:00,429,13.0,5.25,22.0,225.0,0.08839527004867405
2024-06-07 16:00:47+00:00,475,15.5,7.25,24.0,225.0,0.13476966054837425
2024-06-07 16:05:47+00:00,471,16.5,10.5,20.0,225.0,-0.23566212632519054
2024-06-07 16:15:49+00:00,457,15.0,7.25,26.5,225.0,0.15132630527367363
2024-06-07 16:20:52+00:00,498,15.0,9.5,23.5,225.0,-0.13598737929281254
2024-06-07 16:25:52+00:00,508,14.5,8.0,24.5,247.5,-0.0664834657103254
2024-06-07 16:30:55+00:00,439,13.0,6.75,20.5,225.0,-0.12490384363428342
2024-06-07 16:35:55+00:00,431,12.0,6.25,17.5,225.0,-0.051805414769508215
2024-06-07 16:40:58+00:00,426,11.0,7.75,14.5,225.0,0.023994883706554115
2024-06-07 16:45:58+00:00,425,10.5,4.25,16.0,202.5,0.0415237638611962
2024-06-07 16:51:02+00:00,435,12.5,7.5,21.0,225.0,-0.02999894518476847
2024-06-07 16:56:02+00:00,448,14.5,9.0,20.0,225.0,0.16206728124793732
2024-06-07 17:01:04+00:00,508,14.0,8.5,21.5,225.0,0.15715957844711886
2024-06-07 17:06:04+00:00,547,15.5,8.25,20.5,225.0,-0.2894660183494312
2024-06-07 17:11:07+00:00,494,17.0,10.0,24.5,225.0,-0.021483695530231554
2024-06-07 17:16:07+00:00,486,17.0,11.0,24.5,225.0,-0.026302942718640965
2024-06-07 17:21:11+00:00,481,17.5,11.0,24.5,225.0,-0.0524828065301965
2024-06-07 17:26:11+00:00,463,13.5,9.0,17.5,225.0,0.015128380013641066
2024-06-07 17:31:13+00:00,465,12.5,7.75,17.0,225.0,-0.23523090801082483
2024-06-07 17:36:13+00:00,448,13.5,8.0,18.0,225.0,0.10656411398108853
2024-06-07 17:41:17+00:00,490,14.0,9.5,20.0,225.0,0.1194499309560007
2024-06-07 17:46:17+00:00,448,13.0,8.25,17.5,225.0,-0.3381825300584482
2024-06-10 16:43:35+00:00,437,23.0,15.0,34.0,247.5,-0.0834329848176995
2024-06-10 16:53:38+00:00,435,21.0,14.0,32.0,225.0,0.37994227994228
2024-06-10 16:58:38+00:00,436,20.0,11.0,32.0,247.5,-0.09292315493872055
2024-06-10 17:03:42+00:00,419,19.0,10.0,30.5,247.5,-0.10700352486692413
2024-06-10 17:13:45+00:00,428,19.5,11.0,29.5,225.0,0.13769559032716924
2024-06-10 17:18:45+00:00,454,15.0,8.75,27.0,225.0,0.05906756727024708
2024-06-10 17:23:48+00:00,491,17.5,9.75,29.0,225.0,-0.09622417875326951
2024-06-10 17:28:48+00:00,463,16.0,9.25,27.0,225.0,0.07774790433653825
2024-06-10 17:33:50+00:00,452,17.0,9.0,27.5,225.0,-0.3025280411325137
2024-06-10 17:38:50+00:00,404,14.5,8.0,22.0,247.5,0.1359420902466276
2024-06-10 17:43:53+00:00,402,19.0,11.0,29.0,225.0,-0.3218013454433993
2024-06-10 17:58:57+00:00,424,17.5,11.0,29.0,225.0,-0.4773032973857993
2024-06-15 12:35:05+00:00,559,17.5,9.5,28.0,225.0,0.42632393282855446
2024-06-15 12:40:08+00:00,476,15.0,8.75,24.5,202.5,-0.0914014708223264
2024-06-15 12:45:08+00:00,418,11.0,6.0,18.0,225.0,0.03982814390478776
2024-06-15 12:50:11+00:00,547,11.0,4.25,20.5,225.0,0.47553446236404034
2024-06-15 12:55:11+00:00,542,15.5,8.0,21.0,225.0,-0.4072592462212054
2024-06-15 13:00:14+00:00,424,13.0,8.25,21.0,225.0,0.03527921767146457
2024-06-15 13:05:14+00:00,428,13.0,5.5,22.0,202.5,-0.08317115556917538
2024-06-15 13:10:17+00:00,426,9.75,5.0,17.0,225.0,0.09352637139838375
2024-06-15 13:15:17+00:00,453,11.5,5.75,23.0,225.0,0.14000720228537814
2024-06-15 13:20:20+00:00,459,15.5,11.5,21.0,202.5,-0.10561986314735475
2024-06-15 13:25:20+00:00,424,14.0,4.5,21.0,202.5,-0.11498274134531458
2024-06-15 13:30:23+00:00,395,10.0,4.25,17.0,202.5,0.0
2024-06-15 13:35:23+00:00,424,13.0,6.5,18.0,225.0,0.06672685893824716
2024-06-15 13:40:26+00:00,435,15.5,8.0,23.5,202.5,-0.16368944479769656
2024-06-15 13:50:30+00:00,465,12.0,4.75,24.5,225.0,0.00388036057862853
2024-06-15 13:55:30+00:00,462,14.5,4.5,22.0,225.0,-0.0652597302589602
2024-06-15 14:00:33+00:00,438,12.0,7.5,18.0,225.0,-0.0792782698463323
2024-06-15 14:15:35+00:00,434,11.5,6.0,18.0,225.0,0.06727367805838384
2024-06-15 14:20:39+00:00,450,14.5,7.25,20.0,247.5,0.0014555986852123016
2024-06-15 14:25:39+00:00,438,12.0,7.75,16.0,225.0,-0.07669257242866875
2024-06-15 14:30:41+00:00,418,11.5,5.5,19.5,247.5,0.04622266401590457
2024-06-15 14:35:41+00:00,473,13.5,6.75,25.5,225.0,0.04612069263232053
2024-06-15 14:40:44+00:00,481,18.0,9.75,28.0,202.5,-0.10057049796418775
2024-06-15 14:45:44+00:00,450,13.0,7.25,19.0,225.0,-0.20730847473200595
2024-06-15 14:50:48+00:00,426,12.0,8.0,16.5,225.0,0.0111990408064238
2024-06-15 14:55:48+00:00,462,14.5,9.0,23.0,202.5,0.19375776161820607
2024-06-15 15:00:50+00:00,472,16.5,12.0,22.5,202.5,0.0678097291588744
2024-06-15 15:05:50+00:00,499,14.0,5.75,19.5,225.0,-0.002249015423203007
2024-06-15 15:10:53+00:00,474,11.0,5.0,22.0,225.0,-0.0593556198373572
2024-06-15 15:15:53+00:00,511,13.5,7.75,22.0,225.0,-0.22158998504149102
2024-06-15 15:20:57+00:00,466,13.0,9.25,16.5,247.5,0.12584056994620305
2024-06-15 15:25:57+00:00,569,13.5,8.25,21.5,202.5,0.30455026821549025
2024-06-15 15:31:50+00:00,1191,17.0,8.5,32.0,225.0,1.7897712530904788
2024-06-15 15:36:50+00:00,1378,16.0,4.75,22.5,225.0,0.5302293776934403
2024-06-15 15:41:54+00:00,1407,18.5,13.5,25.0,225.0,-1.1850719009548092
2024-06-15 15:46:54+00:00,1384,15.0,10.5,21.0,225.0,1.093494092539218
2024-06-15 15:51:56+00:00,1545,14.5,8.25,21.5,225.0,0.3915557413478252
2024-06-15 15:56:56+00:00,1634,12.5,6.25,18.0,225.0,-0.7022614496604
2024-06-15 16:02:00+00:00,1345,10.5,4.0,14.5,247.5,0.1168569960338094
2024-06-15 16:07:00+00:00,1764,9.25,4.0,17.5,247.5,1.6245213526655073
2024-06-15 16:12:03+00:00,1792,14.5,8.75,22.5,225.0,-1.3840458367633863
2024-06-15 16:17:03+00:00,1428,14.5,7.5,23.5,225.0,-2.0388396294911
2024-06-15 16:22:06+00:00,827,18.0,8.0,28.0,225.0,-1.1172695826710128
2024-06-15 16:27:06+00:00,476,13.5,8.25,19.0,225.0,-0.44721800322209204
2024-06-16 12:38:13+00:00,416,10.5,4.5,15.0,247.5,0.44587010887634765
2024-06-16 12:43:13+00:00,456,8.75,5.0,14.5,225.0,0.11687846894915777
2024-06-16 12:48:16+00:00,517,9.5,4.75,14.5,225.0,-0.040331759738645764
2024-06-16 12:53:16+00:00,576,3.25,0.25,7.75,180.0,0.515755733897739
2024-06-16 12:58:20+00:00,626,8.25,0.5,19.5,202.5,0.35734424908905266
2024-06-16 13:03:20+00:00,880,12.5,6.5,17.0,180.0,0.4836465644320256
2024-06-16 13:08:23+00:00,1054,6.5,1.75,13.0,225.0,0.03950070481735194
2024-06-16 13:13:23+00:00,962,8.75,1.5,18.0,225.0,0.26641526039031044
2024-06-16 13:18:25+00:00,908,13.0,8.0,18.0,225.0,0.6753197949440055
2024-06-16 13:23:25+00:00,968,13.0,7.0,17.0,225.0,-0.7992726799026956
2024-06-16 13:28:29+00:00,797,12.5,3.75,20.5,180.0,-0.9554168987557269
2024-06-16 13:33:29+00:00,646,8.5,4.25,13.5,202.5,0.20061516798310275
2024-06-16 13:38:32+00:00,645,4.5,0.0,14.0,202.5,-0.9509016400716076
2024-06-16 13:43:32+00:00,427,7.5,1.5,15.0,180.0,0.05563802750305371
2024-06-16 13:53:34+00:00,429,12.5,4.75,23.0,225.0,1.0166666666666666
2024-06-16 13:58:38+00:00,431,14.5,9.25,21.0,202.5,-0.11677428394003207
2024-06-16 14:03:38+00:00,429,17.0,10.0,26.0,202.5,0.1009387220385433
2024-07-16 13:29:03+00:00,447,15.5,10.0,21.5,247.5,-0.07854713778262072
2024-07-16 13:34:03+00:00,448,15.0,7.25,26.5,247.5,0.022192817049922108
2024-07-16 13:39:05+00:00,489,18.0,10.0,29.0,247.5,0.15812809399133132
2024-07-16 13:44:05+00:00,520,14.5,9.0,21.0,247.5,-0.051969578379588856
2024-07-16 13:49:09+00:00,460,17.0,10.0,24.5,225.0,-0.23619269767839288
2024-07-16 13:59:12+00:00,441,14.5,8.5,21.5,247.5,0.18243624362436248
2024-07-16 14:04:12+00:00,477,17.5,9.5,25.5,247.5,0.06120569404413544
2024-07-16 14:09:15+00:00,603,15.0,6.75,22.5,225.0,-0.5175790444327923
2024-07-16 14:14:15+00:00,400,18.0,10.0,26.0,247.5,0.16135793158083706
2024-07-16 14:39:24+00:00,396,17.5,12.5,24.5,247.5,-0.2012981020640438
2024-07-16 14:44:24+00:00,386,16.5,8.75,24.0,225.0,0.03606815911618675
2024-07-16 14:49:27+00:00,400,16.0,9.0,22.0,247.5,-0.2631553222415509
2024-07-16 14:54:27+00:00,391,18.5,9.0,25.5,247.5,0.06465031763899409
2024-07-16 14:59:30+00:00,466,12.5,5.25,17.5,247.5,-0.1141602883285858
2024-07-16 15:04:30+00:00,420,18.0,9.0,24.5,247.5,-0.09675250936498404
2024-07-16 15:14:33+00:00,442,17.5,12.0,24.0,225.0,0.3414509246088193
2024-07-16 15:19:36+00:00,450,18.5,8.5,26.5,247.5,-0.10153617069698846
2024-07-16 15:29:42+00:00,449,16.0,10.0,24.5,225.0,-0.008271985964366808
2024-07-16 15:49:48+00:00,460,13.0,4.75,26.0,270.0,0.1281808057908762
2024-07-16 15:54:48+00:00,431,14.0,4.0,24.5,247.5,-0.027514026330055417
2024-07-16 15:59:51+00:00,400,14.0,9.5,19.5,247.5,0.08594539939332659
2024-07-16 16:45:03+00:00,432,12.0,6.5,19.0,247.5,0.08710664335664337
2024-07-16 16:50:07+00:00,438,12.5,7.0,19.0,247.5,-0.33865070486914645
2024-07-16 17:00:09+00:00,442,15.5,9.0,26.0,247.5,-0.021447253705318227
2024-07-16 17:05:09+00:00,454,15.5,10.5,25.5,247.5,-0.012052100063804971
2024-07-16 17:10:12+00:00,458,12.5,7.5,18.0,247.5,-0.004806612539540455
2024-07-16 17:15:12+00:00,433,11.5,7.0,18.5,225.0,-0.06206477329229906
2024-07-16 17:25:16+00:00,429,14.5,7.75,25.5,247.5,-0.0027202709175445047
2024-07-16 17:30:18+00:00,428,13.0,8.0,18.5,247.5,0.11864406779661013
2024-07-16 17:40:21+00:00,416,8.0,4.5,13.0,247.5,-0.757137264704911
