Time (UTC),Altitude,Wind Speed Avg (km/h),Wind Speed Min (km/h),Wind Speed Max (km/h),Wind Heading (degrees),Wind Ts,Score
2023-11-03 10:35:24,498,15.5,10.0,21.5,225.0,2023-11-03 10:35:02,26
2023-11-03 10:39:26,506,15.0,10.5,20.0,225.0,2023-11-03 10:40:02,22
2023-11-03 10:43:28,493,17.0,11.0,24.5,225.0,2023-11-03 10:45:05,0
2023-11-03 10:49:29,474,12.5,7.25,21.0,225.0,2023-11-03 10:50:05,13
2023-11-03 11:07:45,461,15.0,10.0,19.0,225.0,2023-11-03 11:10:11,11
2023-11-03 11:13:54,488,14.0,9.75,20.5,225.0,2023-11-03 11:15:14,19
2023-11-03 11:17:56,480,14.5,9.5,20.5,225.0,2023-11-03 11:20:14,13
2023-11-03 11:23:59,492,15.5,9.75,22.0,225.0,2023-11-03 11:25:20,9
2023-11-03 11:28:01,492,15.5,10.5,22.5,225.0,2023-11-03 11:30:20,12
2023-11-03 11:34:04,495,14.5,9.5,22.0,225.0,2023-11-03 11:35:23,10
2023-11-03 11:38:06,477,14.5,8.0,19.5,225.0,2023-11-03 11:40:23,4
2023-11-03 13:19:53,521,18.0,11.5,24.5,225.0,2023-11-03 13:20:54,49
2023-11-03 13:23:55,519,17.5,10.5,23.5,225.0,2023-11-03 13:25:57,27
2023-11-03 13:29:58,543,15.5,11.0,20.0,247.5,2023-11-03 13:30:57,29
2023-11-03 13:34:00,484,11.5,8.25,16.0,225.0,2023-11-03 13:36:00,0
2023-11-03 13:40:03,471,14.0,9.25,21.0,225.0,2023-11-03 13:41:00,22
2023-11-08 10:39:20,432,13.5,10.0,22.5,202.5,2023-11-08 10:37:54,0
2023-11-08 10:47:05,458,14.0,9.75,18.5,202.5,2023-11-08 10:47:57,8
2023-11-08 10:51:07,457,13.5,7.25,19.5,202.5,2023-11-08 10:53:00,9
2023-11-08 10:57:10,494,14.5,9.75,20.5,225.0,2023-11-08 10:58:00,30
2023-11-08 11:01:12,466,13.5,9.0,20.5,202.5,2023-11-08 11:03:03,25
2023-11-08 11:05:42,441,12.5,7.0,20.0,202.5,2023-11-08 11:08:03,0
2023-11-08 11:17:04,441,13.0,8.25,18.0,202.5,2023-11-08 11:18:07,28
2023-11-08 11:21:06,464,14.5,10.5,21.5,202.5,2023-11-08 11:23:49,3
2023-11-08 11:27:09,449,14.0,10.5,20.5,202.5,2023-11-08 11:28:49,22
2023-11-08 11:35:39,470,12.5,6.25,20.0,180.0,2023-11-08 11:33:51,0
2023-11-08 11:36:59,466,12.0,7.5,18.5,202.5,2023-11-08 11:38:51,0
2023-11-08 11:41:48,477,11.5,8.0,17.0,225.0,2023-11-08 11:43:55,6
2023-11-08 11:54:37,459,11.0,5.5,17.5,202.5,2023-11-08 11:53:58,0
2023-11-08 11:56:38,457,12.5,8.0,17.5,202.5,2023-11-08 11:58:58,9
2023-11-08 12:01:40,478,14.5,8.0,21.5,247.5,2023-11-08 12:04:01,9
2023-11-08 12:13:52,459,14.0,8.0,22.5,202.5,2023-11-08 12:14:04,10
2023-11-08 12:17:54,471,14.5,9.75,20.0,202.5,2023-11-08 12:19:04,7
2023-11-08 12:21:56,446,13.0,8.25,19.5,202.5,2023-11-08 12:24:07,22
2023-11-08 12:29:10,455,12.5,8.0,21.5,202.5,2023-11-08 12:29:07,14
2023-11-08 12:33:12,473,14.5,9.5,20.0,202.5,2023-11-08 12:34:10,39
2023-11-08 12:37:14,489,17.0,12.0,24.0,202.5,2023-11-08 12:39:10,0
2023-11-08 12:44:08,464,15.0,10.0,21.0,202.5,2023-11-08 12:44:13,0
2023-11-08 12:48:10,450,12.5,8.5,17.5,202.5,2023-11-08 12:49:13,22
2023-11-08 12:52:03,470,12.5,7.25,16.0,202.5,2023-11-08 12:54:16,0
2023-11-08 13:05:30,462,12.0,6.75,17.0,225.0,2023-11-08 13:04:20,0
2023-11-08 13:07:23,425,12.5,8.0,17.5,202.5,2023-11-08 13:09:20,0
2023-11-08 13:26:51,425,13.5,6.0,18.5,202.5,2023-11-08 13:24:25,0
2023-11-08 13:44:16,466,12.5,6.25,18.0,202.5,2023-11-08 13:44:31,5
2023-11-08 13:55:48,418,12.5,8.0,18.0,180.0,2023-11-08 13:54:34,0
2023-11-08 14:14:05,458,11.5,6.25,15.5,202.5,2023-11-08 14:14:40,14
2023-11-08 14:40:35,450,12.0,8.25,15.0,225.0,2023-11-08 14:39:47,0
2023-11-11 09:56:56,465,19.5,13.0,27.0,225.0,2023-11-11 09:56:01,1
2023-11-11 09:58:57,466,14.5,10.5,17.5,225.0,2023-11-11 10:01:01,0
2023-11-11 10:05:00,459,17.0,10.0,25.0,225.0,2023-11-11 10:06:05,13
2023-11-11 10:12:41,455,14.5,8.75,21.5,225.0,2023-11-11 10:11:05,0
2023-11-11 10:14:42,469,13.0,7.25,18.5,225.0,2023-11-11 10:16:08,15
2023-11-11 10:18:44,510,17.0,10.5,25.5,225.0,2023-11-11 10:21:08,49
2023-11-11 10:24:47,522,14.5,8.5,23.5,225.0,2023-11-11 10:26:11,4
2023-11-11 10:28:49,460,15.5,8.75,28.0,225.0,2023-11-11 10:31:11,68
2023-11-11 10:34:52,644,19.5,12.5,26.0,225.0,2023-11-11 10:36:13,107
2023-11-11 10:38:52,436,22.0,10.5,29.0,225.0,2023-11-11 10:41:13,0
2023-11-11 11:01:36,468,23.0,15.5,28.5,225.0,2023-11-11 11:01:20,0
2023-11-11 11:05:38,484,21.0,15.0,28.0,225.0,2023-11-11 11:06:23,83
2023-11-11 11:09:40,499,22.0,16.0,29.0,225.0,2023-11-11 11:11:23,96
2023-11-11 11:15:43,501,24.5,17.0,30.5,225.0,2023-11-11 11:16:25,0
2023-11-11 11:19:45,502,20.0,13.5,27.5,225.0,2023-11-11 11:21:25,15
2023-11-11 11:25:48,534,20.5,13.5,29.0,225.0,2023-11-11 11:26:32,21
2023-11-11 11:29:50,509,21.0,13.5,31.0,225.0,2023-11-11 11:31:32,7
2023-11-11 11:35:53,495,22.5,15.5,30.0,225.0,2023-11-11 11:36:35,8
2023-11-11 13:06:50,468,14.5,7.5,21.0,225.0,2023-11-11 13:07:02,0
2023-11-11 13:10:52,464,9.25,4.0,16.0,225.0,2023-11-11 13:12:02,8
2023-11-11 13:18:28,466,11.0,5.75,15.5,225.0,2023-11-11 13:17:06,7
2023-11-11 13:20:29,478,14.5,8.75,22.5,225.0,2023-11-11 13:22:06,42
2023-11-11 13:26:32,504,18.5,12.5,28.0,225.0,2023-11-11 13:27:08,7
2023-11-11 13:30:34,522,18.5,13.0,25.0,225.0,2023-11-11 13:32:08,7
2023-11-11 13:36:34,470,18.5,11.0,27.5,225.0,2023-11-11 13:37:11,8
2023-11-11 13:40:39,480,18.0,10.5,25.0,225.0,2023-11-11 13:42:11,4
2023-11-11 13:46:42,471,16.0,12.0,22.0,225.0,2023-11-11 13:47:15,0
2023-11-11 13:59:37,456,12.5,8.0,17.0,225.0,2023-11-11 13:57:17,0
2023-11-11 14:06:31,439,13.0,9.25,18.0,225.0,2023-11-11 14:07:20,27
2023-11-11 14:15:53,417,12.0,8.0,18.0,225.0,2023-11-11 14:17:24,11
2023-11-11 14:19:55,452,12.5,8.75,17.5,225.0,2023-11-11 14:22:24,29
2023-11-11 14:25:58,494,13.0,8.5,18.5,225.0,2023-11-11 14:27:26,0
2023-11-11 14:30:00,465,13.5,7.0,20.5,225.0,2023-11-11 14:32:26,0
2023-11-11 14:38:57,497,14.5,10.0,22.0,225.0,2023-11-11 14:37:30,25
2023-11-11 14:40:58,502,15.5,10.0,21.0,225.0,2023-11-11 14:42:30,6
2023-11-11 14:47:01,515,14.5,10.0,21.0,225.0,2023-11-11 14:47:32,31
2023-11-11 14:51:03,511,12.0,8.0,18.0,225.0,2023-11-11 14:52:32,23
2023-11-11 14:55:05,467,13.0,8.0,19.5,225.0,2023-11-11 14:57:36,5
2023-11-11 15:30:37,439,11.0,8.0,18.0,225.0,2023-11-11 15:32:45,0
2023-11-11 15:36:40,404,10.5,7.25,14.5,225.0,2023-11-11 15:37:48,6
2023-11-11 15:40:42,399,8.75,5.25,12.5,225.0,2023-11-11 15:42:48,6
2023-11-11 15:46:45,406,8.25,4.75,13.0,225.0,2023-11-11 15:47:51,1
2023-11-11 15:50:47,404,9.75,5.0,16.5,225.0,2023-11-11 15:52:51,0
2023-11-11 15:56:50,398,9.0,6.25,13.0,225.0,2023-11-11 15:57:54,3
2023-11-11 16:00:52,408,8.5,6.0,11.5,225.0,2023-11-11 16:02:54,6
2023-11-11 16:06:55,417,9.25,5.0,13.5,225.0,2023-11-11 16:07:57,19
2023-11-11 16:10:57,397,10.0,7.0,15.0,225.0,2023-11-11 16:12:57,31
2023-11-25 13:22:18,503,19.0,13.0,27.0,225.0,2023-11-25 13:24:15,33
2023-11-25 13:28:21,512,16.5,10.0,23.5,225.0,2023-11-25 13:29:15,0
2023-11-25 13:32:23,536,19.0,12.5,28.0,225.0,2023-11-25 13:34:18,38
2023-11-25 13:38:26,520,18.5,12.0,25.5,225.0,2023-11-25 13:39:18,5
2023-11-25 13:42:28,537,19.0,13.0,29.0,225.0,2023-11-25 13:44:22,46
2023-11-25 13:48:31,453,19.0,14.0,26.0,225.0,2023-11-25 13:49:22,0
2023-11-26 16:12:17,1515,8.0,5.0,13.5,202.5,2023-11-26 16:13:14,0
2023-11-26 16:16:17,974,6.5,3.75,11.5,202.5,2023-11-26 16:18:14,1
2023-12-20 09:57:32,467,14.5,10.0,19.0,225.0,2023-12-20 09:59:43,4
2023-12-20 10:05:21,471,12.5,7.5,17.5,225.0,2023-12-20 10:04:47,1
2023-12-20 10:07:21,456,13.0,10.5,16.0,225.0,2023-12-20 10:09:47,0
2023-12-20 10:21:51,493,13.0,9.75,19.0,225.0,2023-12-20 10:19:49,23
2023-12-20 10:23:52,494,15.0,10.5,19.5,225.0,2023-12-20 10:24:52,0
2023-12-20 10:27:54,480,15.5,10.5,20.0,225.0,2023-12-20 10:29:52,0
2023-12-20 10:33:57,475,13.5,10.0,18.0,225.0,2023-12-20 10:34:56,2
2023-12-20 10:43:33,461,14.0,9.25,18.5,225.0,2023-12-20 10:44:58,12
2023-12-20 11:01:35,470,16.0,10.5,21.5,225.0,2023-12-20 11:00:01,2
2023-12-20 11:03:36,457,14.0,9.5,20.5,225.0,2023-12-20 11:05:05,0
2023-12-20 12:57:36,437,11.0,7.25,14.0,247.5,2023-12-20 12:56:29,0
2023-12-26 11:15:48,487,17.5,11.5,24.0,225.0,2023-12-26 11:15:53,16
2023-12-26 11:19:50,497,17.0,9.0,21.5,225.0,2023-12-26 11:20:56,9
2023-12-26 11:23:52,463,18.5,12.0,24.0,225.0,2023-12-26 11:25:56,6
2023-12-26 11:29:55,474,16.0,10.0,20.0,225.0,2023-12-26 11:31:50,40
2023-12-26 11:35:58,477,15.5,8.0,22.5,225.0,2023-12-26 11:36:50,5
2023-12-26 14:22:24,495,21.0,14.0,28.5,225.0,2023-12-26 14:22:41,25
2023-12-26 14:26:26,485,22.0,16.0,29.5,225.0,2023-12-26 14:27:41,12
2023-12-26 14:30:28,511,21.0,16.0,26.5,225.0,2023-12-26 14:32:44,10
2024-01-14 12:16:29,470,12.0,7.25,16.0,225.0,2024-01-14 12:17:24,2
2024-01-14 12:28:30,470,10.5,6.0,15.0,225.0,2024-01-14 12:27:27,5
2024-01-14 12:32:04,471,9.5,4.0,13.0,225.0,2024-01-14 12:32:27,7
2024-01-14 12:42:16,424,9.75,7.5,12.0,225.0,2024-01-14 12:42:30,0
2024-01-14 13:51:58,465,10.0,6.5,12.5,225.0,2024-01-14 13:52:52,6
2024-01-14 13:59:25,422,9.25,6.75,11.5,225.0,2024-01-14 13:57:55,0
2024-01-14 14:01:26,435,8.25,5.25,11.5,225.0,2024-01-14 14:02:55,26
2024-01-14 14:05:28,474,7.75,5.0,10.0,225.0,2024-01-14 14:07:58,14
2024-01-14 14:14:15,460,8.5,4.75,12.5,225.0,2024-01-14 14:12:58,0
2024-01-14 14:16:16,470,7.0,4.75,8.75,225.0,2024-01-14 14:18:01,10
2024-01-14 14:44:16,457,9.75,5.5,12.5,225.0,2024-01-14 14:43:07,0
2024-01-14 14:46:17,470,8.25,6.5,10.5,225.0,2024-01-14 14:48:10,13
2024-02-04 10:51:32,492,17.0,10.5,23.0,225.0,2024-02-04 10:53:01,21
2024-02-04 10:55:34,483,16.5,12.0,22.5,225.0,2024-02-04 10:58:03,0
2024-02-04 11:01:37,469,17.0,11.5,24.0,225.0,2024-02-04 11:03:03,7
2024-02-04 11:05:39,453,16.0,12.5,21.5,225.0,2024-02-04 11:08:06,32
2024-02-04 11:11:42,584,19.5,14.5,25.5,225.0,2024-02-04 11:13:06,114
2024-02-04 11:15:44,543,15.0,9.5,20.0,225.0,2024-02-04 11:18:10,58
2024-02-04 11:21:47,547,16.0,10.5,21.5,225.0,2024-02-04 11:23:10,76
2024-02-04 11:27:50,527,15.5,10.0,20.0,247.5,2024-02-04 11:29:09,0
2024-02-04 11:31:52,486,15.5,11.0,21.0,225.0,2024-02-04 11:34:09,14
2024-02-04 12:01:50,469,15.0,10.5,20.5,225.0,2024-02-04 12:04:18,3
2024-02-04 12:07:53,466,12.0,9.0,16.0,225.0,2024-02-04 12:09:21,0
2024-02-04 12:11:55,464,17.0,10.5,23.0,202.5,2024-02-04 12:14:21,7
2024-02-04 12:17:50,463,16.0,9.25,20.0,225.0,2024-02-04 12:19:25,21
2024-02-04 12:29:51,471,12.5,8.5,19.5,225.0,2024-02-04 12:29:28,4
2024-02-04 12:33:53,466,16.0,10.0,22.5,225.0,2024-02-04 12:34:28,0
2024-02-04 12:39:18,466,14.0,9.25,19.5,225.0,2024-02-04 12:39:30,0
2024-02-04 12:47:58,449,16.0,11.5,21.0,225.0,2024-02-04 12:49:34,30
2024-02-04 12:54:01,545,17.5,13.0,22.5,225.0,2024-02-04 12:54:34,49
2024-02-04 12:58:03,499,15.5,11.5,19.5,225.0,2024-02-04 12:59:37,2
2024-02-04 13:04:06,482,15.5,10.5,21.5,225.0,2024-02-04 13:04:37,10
2024-02-04 13:08:08,507,15.5,8.5,22.0,247.5,2024-02-04 13:09:39,15
2024-02-04 13:12:10,473,16.0,11.0,22.0,225.0,2024-02-04 13:14:39,0
2024-02-04 13:18:13,467,14.5,10.0,20.0,225.0,2024-02-04 13:19:43,5
2024-02-04 13:25:30,460,12.5,7.25,18.5,225.0,2024-02-04 13:24:43,7
2024-02-04 13:46:31,476,13.0,8.0,18.5,202.5,2024-02-04 13:44:49,5
2024-02-04 13:48:32,493,15.5,10.0,24.0,202.5,2024-02-04 13:49:52,20
2024-02-04 13:52:34,493,17.0,11.0,26.0,225.0,2024-02-04 13:54:52,19
2024-02-04 13:58:37,493,16.0,11.5,20.0,225.0,2024-02-04 13:59:55,0
2024-02-04 14:02:39,465,14.5,11.0,20.5,225.0,2024-02-04 14:04:55,22
2024-02-04 14:08:42,493,15.0,11.0,19.5,225.0,2024-02-04 14:09:58,18
2024-02-04 14:12:44,510,17.5,11.0,22.5,225.0,2024-02-04 14:14:58,9
2024-02-04 14:18:47,500,15.0,10.0,25.0,247.5,2024-02-04 14:20:01,15
2024-02-04 14:22:49,541,18.5,13.0,27.0,247.5,2024-02-04 14:25:01,37
2024-02-04 14:28:52,461,17.5,10.0,22.0,247.5,2024-02-04 14:30:03,11
2024-02-04 14:32:54,476,13.0,5.75,19.0,225.0,2024-02-04 14:35:03,8
2024-02-04 15:19:01,463,10.5,6.25,15.0,225.0,2024-02-04 15:20:19,7
2024-02-04 15:25:09,470,12.5,8.25,16.5,225.0,2024-02-04 15:25:19,0
2024-02-04 15:30:48,431,12.0,7.0,16.0,225.0,2024-02-04 15:30:23,0
2024-02-11 11:44:42,512,13.0,9.25,19.5,225.0,2024-02-11 11:42:28,35
2024-02-11 11:46:43,504,13.5,6.0,19.5,247.5,2024-02-11 11:47:28,19
2024-02-11 11:50:45,545,16.0,11.5,21.5,225.0,2024-02-11 11:52:31,22
2024-02-11 11:56:26,460,14.5,10.0,19.5,225.0,2024-02-11 11:57:31,4
2024-02-11 12:05:14,458,15.5,8.0,24.0,225.0,2024-02-11 12:07:35,7
2024-02-11 12:13:01,460,12.0,5.75,16.5,225.0,2024-02-11 12:12:37,6
2024-02-11 12:17:03,462,14.5,10.5,21.0,225.0,2024-02-11 12:17:37,1
2024-02-11 12:23:17,479,13.5,6.0,21.0,225.0,2024-02-11 12:22:40,12
2024-02-11 12:25:18,490,16.5,11.0,21.5,225.0,2024-02-11 12:27:40,11
2024-02-11 12:31:21,511,16.0,10.0,22.0,225.0,2024-02-11 12:32:43,37
2024-02-11 12:35:23,528,18.5,12.5,27.0,225.0,2024-02-11 12:37:43,15
2024-02-11 12:41:44,472,21.0,12.5,28.5,225.0,2024-02-11 12:42:47,38
2024-02-11 12:45:46,461,18.5,13.0,26.0,225.0,2024-02-11 12:47:47,11
2024-02-11 12:51:03,470,18.5,7.0,29.0,225.0,2024-02-11 12:52:50,38
2024-02-11 12:56:02,489,21.5,16.0,32.0,225.0,2024-02-11 12:57:50,45
2024-02-11 13:02:05,485,21.0,15.5,29.0,225.0,2024-02-11 13:02:52,0
2024-02-11 13:12:57,457,16.5,7.75,25.0,225.0,2024-02-11 13:12:56,15
2024-02-11 13:15:59,469,14.0,9.75,20.5,225.0,2024-02-11 13:17:56,0
2024-02-11 13:23:19,480,13.5,10.0,22.0,202.5,2024-02-11 13:22:58,4
2024-02-11 13:27:21,474,17.0,11.5,22.5,202.5,2024-02-11 13:27:58,6
2024-02-11 13:35:26,469,16.5,11.5,22.0,225.0,2024-02-11 13:33:01,0
2024-02-11 13:37:27,472,15.0,10.5,19.5,202.5,2024-02-11 13:38:01,3
2024-02-11 13:42:41,471,15.5,9.25,24.0,225.0,2024-02-11 13:43:05,18
2024-02-11 13:46:43,498,19.0,14.0,24.0,225.0,2024-02-11 13:48:05,9
2024-02-11 14:30:02,470,12.0,8.0,19.0,225.0,2024-02-11 14:28:16,2
2024-02-11 14:33:32,473,13.0,8.25,19.5,225.0,2024-02-11 14:33:20,0
2024-02-11 14:37:34,465,14.5,8.25,22.0,225.0,2024-02-11 14:38:20,0
2024-02-11 14:41:36,488,18.0,13.0,22.5,225.0,2024-02-11 14:43:23,24
2024-02-11 14:47:39,454,18.0,11.0,25.5,225.0,2024-02-11 14:48:23,16
2024-02-11 14:51:41,480,19.5,13.0,28.0,225.0,2024-02-11 14:53:26,38
2024-02-11 14:57:44,497,15.0,11.0,19.0,225.0,2024-02-11 14:58:26,0
2024-02-11 15:01:46,469,15.5,12.0,19.5,225.0,2024-02-11 15:03:29,11
2024-02-11 15:07:49,447,16.0,11.0,21.0,225.0,2024-02-11 15:08:29,15
2024-02-11 15:11:51,456,15.5,11.0,22.5,225.0,2024-02-11 15:13:32,9
2024-02-11 15:17:54,469,16.0,11.5,21.0,225.0,2024-02-11 15:18:32,3
2024-02-11 15:21:56,470,19.5,14.0,23.5,225.0,2024-02-11 15:23:34,19
2024-02-11 15:27:59,477,15.5,10.5,21.5,225.0,2024-02-11 15:28:34,3
2024-02-11 15:32:01,495,16.0,11.0,25.5,225.0,2024-02-11 15:33:38,36
2024-02-11 15:38:04,442,16.5,11.0,23.0,225.0,2024-02-11 15:38:38,22
2024-02-11 15:42:06,490,17.0,10.5,22.5,225.0,2024-02-11 15:43:41,25
2024-02-11 15:48:09,499,15.0,10.0,19.5,225.0,2024-02-11 15:48:41,2
2024-02-11 15:52:11,468,15.5,10.5,22.5,225.0,2024-02-11 15:53:44,2
2024-05-03 08:40:54,443,20.0,14.0,29.5,225.0,2024-05-03 08:41:50,24
2024-05-03 08:44:56,423,20.5,10.0,30.0,225.0,2024-05-03 08:46:50,38
2024-05-03 09:01:31,446,19.5,11.0,28.0,225.0,2024-05-03 09:01:56,25
2024-05-03 09:05:33,395,18.5,12.0,26.0,225.0,2024-05-03 09:06:56,0
2024-05-03 09:09:35,421,16.0,10.0,25.0,225.0,2024-05-03 09:11:59,30
2024-05-03 09:15:38,455,19.0,11.0,26.5,225.0,2024-05-03 09:16:59,33
2024-05-03 09:19:40,559,16.5,12.5,24.0,225.0,2024-05-03 09:22:03,92
2024-05-03 09:25:43,430,21.5,14.0,28.5,225.0,2024-05-03 09:27:03,105
2024-05-03 09:29:45,538,20.0,9.0,29.0,225.0,2024-05-03 09:32:05,166
2024-05-03 09:35:48,686,20.0,12.5,25.5,225.0,2024-05-03 09:37:05,70
2024-05-03 09:39:50,486,18.5,11.0,26.0,225.0,2024-05-03 09:42:08,1
2024-05-03 10:03:18,423,19.0,13.0,27.0,225.0,2024-05-03 10:02:14,7
2024-05-03 10:05:19,448,20.5,13.5,27.5,225.0,2024-05-03 10:07:14,60
2024-05-03 10:11:22,486,18.5,11.5,27.5,225.0,2024-05-03 10:12:18,28
2024-05-03 10:15:24,431,16.5,10.5,22.5,225.0,2024-05-03 10:17:18,25
2024-05-03 10:21:27,450,15.5,10.0,22.5,225.0,2024-05-03 10:22:21,24
2024-05-03 10:25:29,457,15.0,9.75,20.5,225.0,2024-05-03 10:27:21,14
2024-05-03 10:31:32,499,15.0,9.5,25.0,225.0,2024-05-03 10:32:24,145
2024-05-03 10:35:34,766,15.0,8.5,19.5,225.0,2024-05-03 10:37:24,119
2024-05-03 10:41:37,618,17.5,11.5,24.5,225.0,2024-05-03 10:42:27,0
2024-05-03 10:45:39,531,15.0,11.0,20.5,225.0,2024-05-03 10:47:27,29
2024-05-03 10:51:42,560,15.5,7.25,22.0,225.0,2024-05-03 10:52:30,140
2024-05-03 10:55:44,806,16.0,11.0,24.0,225.0,2024-05-03 10:57:30,103
2024-05-03 11:01:47,924,13.5,8.75,20.0,225.0,2024-05-03 11:02:33,0
2024-05-03 11:05:49,737,14.5,9.75,22.5,225.0,2024-05-03 11:07:33,176
2024-05-03 11:11:52,1146,15.0,10.5,22.5,202.5,2024-05-03 11:12:36,129
2024-05-03 11:15:54,952,14.5,9.25,19.0,225.0,2024-05-03 11:17:36,160
2024-05-03 11:21:57,865,14.5,7.75,23.0,247.5,2024-05-03 11:22:39,0
2024-05-03 11:25:59,519,17.0,12.0,23.5,225.0,2024-05-03 11:27:39,67
2024-05-03 11:32:02,617,16.5,12.0,23.0,225.0,2024-05-03 11:32:42,45
2024-05-03 11:36:04,432,17.0,8.5,23.0,225.0,2024-05-03 11:37:42,46
2024-05-03 11:42:07,464,15.5,10.0,22.5,225.0,2024-05-03 11:42:45,0
2024-05-03 13:44:48,418,8.25,3.25,15.5,225.0,2024-05-03 13:43:21,5
2024-06-06 12:02:53,392,14.0,6.5,22.5,247.5,2024-06-06 12:01:31,0
2024-06-06 12:04:54,412,10.5,2.25,21.0,247.5,2024-06-06 12:06:31,20
2024-06-06 12:10:57,381,10.5,2.0,20.0,225.0,2024-06-06 12:11:34,43
2024-06-06 12:21:31,449,15.0,7.25,26.0,247.5,2024-06-06 12:21:37,30
2024-06-06 12:25:33,410,13.0,6.5,20.0,247.5,2024-06-06 12:26:37,14
2024-06-06 12:34:53,391,11.5,7.0,18.0,247.5,2024-06-06 12:36:41,2
2024-06-06 12:47:33,421,14.5,8.0,21.0,247.5,2024-06-06 12:46:44,0
2024-06-06 12:49:34,453,14.5,7.75,21.0,225.0,2024-06-06 12:51:47,87
2024-06-06 12:55:37,542,20.0,9.5,31.0,202.5,2024-06-06 12:56:47,0
2024-06-06 12:59:39,394,16.0,8.0,25.0,202.5,2024-06-06 13:01:49,12
2024-06-06 13:21:55,412,18.0,8.5,29.5,202.5,2024-06-06 13:21:56,36
2024-06-06 13:25:57,468,16.5,8.25,30.5,225.0,2024-06-06 13:26:56,20
2024-06-06 13:29:59,479,19.0,10.5,25.5,225.0,2024-06-06 13:31:58,40
2024-06-06 13:36:02,447,16.0,8.0,26.5,225.0,2024-06-06 13:36:58,0
2024-06-06 13:40:04,462,15.5,8.0,24.0,225.0,2024-06-06 13:42:02,37
2024-06-06 13:46:07,422,16.5,9.5,29.0,225.0,2024-06-06 13:47:02,18
2024-06-06 13:50:09,436,17.0,9.75,24.0,225.0,2024-06-06 13:52:05,16
2024-06-06 13:59:39,457,19.5,11.0,29.0,202.5,2024-06-06 14:02:08,44
2024-06-06 14:05:42,433,18.5,11.0,27.0,225.0,2024-06-06 14:07:08,16
2024-06-06 14:09:44,444,13.0,5.25,21.0,225.0,2024-06-06 14:12:11,0
2024-06-06 14:19:33,390,11.0,5.0,19.0,225.0,2024-06-06 14:17:11,0
2024-06-06 14:20:29,395,12.0,7.25,19.5,225.0,2024-06-06 14:22:14,4
2024-06-06 14:27:46,464,12.0,2.25,19.5,247.5,2024-06-06 14:27:14,50
2024-06-06 14:29:47,476,15.0,10.0,21.0,225.0,2024-06-06 14:32:16,13
2024-06-06 14:35:51,411,13.0,7.0,21.5,247.5,2024-06-06 14:37:16,24
2024-06-07 13:01:34,420,20.0,5.0,33.5,202.5,2024-06-07 12:59:04,0
2024-06-07 13:03:35,452,11.5,4.75,17.5,247.5,2024-06-07 13:04:04,32
2024-06-07 13:07:37,493,18.0,10.0,28.0,225.0,2024-06-07 13:09:06,20
2024-06-07 13:11:39,446,18.0,11.5,27.0,225.0,2024-06-07 13:14:06,9
2024-06-07 13:17:42,444,14.0,8.25,20.5,225.0,2024-06-07 13:19:09,25
2024-06-07 13:21:44,431,21.0,13.5,33.0,225.0,2024-06-07 13:24:09,9
2024-06-07 13:50:02,433,16.5,9.25,26.0,225.0,2024-06-07 13:49:19,21
2024-06-07 13:52:03,473,17.0,11.0,24.0,225.0,2024-06-07 13:54:19,48
2024-06-07 13:58:06,388,20.0,13.0,28.5,247.5,2024-06-07 13:59:22,31
2024-06-07 14:12:18,397,18.5,12.0,27.5,225.0,2024-06-07 14:14:25,18
2024-06-07 14:18:21,488,17.0,8.25,25.0,225.0,2024-06-07 14:19:28,65
2024-06-07 14:22:23,450,15.5,9.25,21.0,247.5,2024-06-07 14:24:28,53
2024-06-07 14:28:26,422,13.5,9.5,18.5,225.0,2024-06-07 14:29:31,1
2024-06-07 14:34:53,383,12.5,8.0,24.0,247.5,2024-06-07 14:34:31,9
2024-06-07 14:38:55,423,20.0,12.0,29.0,225.0,2024-06-07 14:39:34,33
2024-06-07 14:42:57,389,22.0,13.5,31.5,225.0,2024-06-07 14:44:34,0
2024-06-07 15:21:04,470,14.5,9.0,21.0,202.5,2024-06-07 15:19:46,45
2024-06-07 15:23:05,389,12.0,8.0,23.0,225.0,2024-06-07 15:24:46,27
2024-06-07 15:29:09,516,18.5,10.5,28.5,225.0,2024-06-07 15:30:37,86
2024-06-07 15:33:11,405,16.5,10.5,26.0,225.0,2024-06-07 15:35:37,28
2024-06-07 15:39:14,510,18.0,11.5,26.0,247.5,2024-06-07 15:40:40,59
2024-06-07 15:43:16,532,15.5,9.75,23.5,225.0,2024-06-07 15:45:40,0
2024-06-07 15:49:19,453,16.5,9.75,23.0,225.0,2024-06-07 15:50:43,7
2024-06-07 15:53:21,404,13.0,5.25,22.0,225.0,2024-06-07 15:55:43,9
2024-06-07 15:59:24,437,15.5,7.25,24.0,225.0,2024-06-07 16:00:47,20
2024-06-07 16:03:26,470,16.5,10.5,20.0,225.0,2024-06-07 16:05:47,39
2024-06-07 16:16:52,441,15.0,7.25,26.5,225.0,2024-06-07 16:15:49,22
2024-06-07 16:18:53,459,15.0,9.5,23.5,225.0,2024-06-07 16:20:52,17
2024-06-07 16:24:56,506,14.5,8.0,24.5,247.5,2024-06-07 16:25:52,73
2024-06-07 16:28:58,426,13.0,6.75,20.5,225.0,2024-06-07 16:30:55,0
2024-06-07 16:35:01,425,12.0,6.25,17.5,225.0,2024-06-07 16:35:55,23
2024-06-07 16:39:03,408,11.0,7.75,14.5,225.0,2024-06-07 16:40:58,17
2024-06-07 16:45:06,421,10.5,4.25,16.0,202.5,2024-06-07 16:45:58,4
2024-06-07 16:51:34,426,12.5,7.5,21.0,225.0,2024-06-07 16:51:02,2
2024-06-07 16:53:35,417,14.5,9.0,20.0,225.0,2024-06-07 16:56:02,13
2024-06-07 16:59:38,461,14.0,8.5,21.5,225.0,2024-06-07 17:01:04,24
2024-06-07 17:03:40,513,15.5,8.25,20.5,225.0,2024-06-07 17:06:04,48
2024-06-07 17:09:43,479,17.0,10.0,24.5,225.0,2024-06-07 17:11:07,4
2024-06-07 17:13:45,477,17.0,11.0,24.5,225.0,2024-06-07 17:16:07,6
2024-06-07 17:19:48,468,17.5,11.0,24.5,225.0,2024-06-07 17:21:11,0
2024-06-07 17:23:50,451,13.5,9.0,17.5,225.0,2024-06-07 17:26:11,5
2024-06-07 17:29:53,457,12.5,7.75,17.0,225.0,2024-06-07 17:31:13,9
2024-06-07 17:33:55,412,13.5,8.0,18.0,225.0,2024-06-07 17:36:13,17
2024-06-07 17:39:58,457,14.0,9.5,20.0,225.0,2024-06-07 17:41:17,25
2024-06-07 17:44:00,440,13.0,8.25,17.5,225.0,2024-06-07 17:46:17,0
2024-06-10 16:45:42,421,23.0,15.0,34.0,247.5,2024-06-10 16:43:35,0
2024-06-10 16:57:14,404,20.0,11.0,32.0,247.5,2024-06-10 16:58:38,4
2024-06-10 17:05:47,400,19.0,10.0,30.5,247.5,2024-06-10 17:03:42,0
2024-06-10 17:17:01,436,15.0,8.75,27.0,225.0,2024-06-10 17:18:45,18
2024-06-10 17:23:04,485,17.5,9.75,29.0,225.0,2024-06-10 17:23:48,39
2024-06-10 17:27:06,426,16.0,9.25,27.0,225.0,2024-06-10 17:28:48,10
2024-06-10 17:33:09,445,17.0,9.0,27.5,225.0,2024-06-10 17:33:50,4
2024-06-10 17:37:11,373,14.5,8.0,22.0,247.5,2024-06-10 17:38:50,19
2024-06-10 17:42:57,377,19.0,11.0,29.0,225.0,2024-06-10 17:43:53,0
2024-06-10 17:59:50,376,17.5,11.0,29.0,225.0,2024-06-10 17:58:57,0
2024-06-15 12:35:24,512,17.5,9.5,28.0,225.0,2024-06-15 12:35:05,91
2024-06-15 12:39:26,411,15.0,8.75,24.5,202.5,2024-06-15 12:40:08,10
2024-06-15 12:43:28,417,11.0,6.0,18.0,225.0,2024-06-15 12:45:08,0
2024-06-15 12:50:07,504,11.0,4.25,20.5,225.0,2024-06-15 12:50:11,83
2024-06-15 12:54:09,454,15.5,8.0,21.0,225.0,2024-06-15 12:55:11,0
2024-06-15 12:58:11,412,13.0,8.25,21.0,225.0,2024-06-15 13:00:14,1
2024-06-15 13:04:29,419,13.0,5.5,22.0,202.5,2024-06-15 13:05:14,0
2024-06-15 13:08:31,425,9.75,5.0,17.0,225.0,2024-06-15 13:10:17,27
2024-06-15 13:15:46,412,11.5,5.75,23.0,225.0,2024-06-15 13:15:17,40
2024-06-15 13:19:48,408,15.5,11.5,21.0,202.5,2024-06-15 13:20:20,12
2024-06-15 13:23:14,424,14.0,4.5,21.0,202.5,2024-06-15 13:25:20,6
2024-06-15 13:27:59,395,10.0,4.25,17.0,202.5,2024-06-15 13:30:23,0
2024-06-15 13:35:35,405,13.0,6.5,18.0,225.0,2024-06-15 13:35:23,19
2024-06-15 13:39:37,434,15.5,8.0,23.5,202.5,2024-06-15 13:40:26,10
2024-06-15 13:50:18,461,12.0,4.75,24.5,225.0,2024-06-15 13:50:30,39
2024-06-15 13:54:20,447,14.5,4.5,22.0,225.0,2024-06-15 13:55:30,18
2024-06-15 13:58:22,434,12.0,7.5,18.0,225.0,2024-06-15 14:00:33,16
2024-06-15 14:19:10,445,14.5,7.25,20.0,247.5,2024-06-15 14:20:39,21
2024-06-15 14:23:12,436,12.0,7.75,16.0,225.0,2024-06-15 14:25:39,0
2024-06-15 14:28:34,417,11.5,5.5,19.5,247.5,2024-06-15 14:30:41,3
2024-06-15 14:35:54,464,13.5,6.75,25.5,225.0,2024-06-15 14:35:41,39
2024-06-15 14:39:56,477,18.0,9.75,28.0,202.5,2024-06-15 14:40:44,30
2024-06-15 14:43:58,443,13.0,7.25,19.0,225.0,2024-06-15 14:45:44,5
2024-06-15 14:50:01,418,12.0,8.0,16.5,225.0,2024-06-15 14:50:48,21
2024-06-15 14:54:04,401,14.5,9.0,23.0,202.5,2024-06-15 14:55:48,42
2024-06-15 15:00:07,450,16.5,12.0,22.5,202.5,2024-06-15 15:00:50,18
2024-06-15 15:04:09,468,14.0,5.75,19.5,225.0,2024-06-15 15:05:50,24
2024-06-15 15:10:12,425,11.0,5.0,22.0,225.0,2024-06-15 15:10:53,10
2024-06-15 15:14:14,490,13.5,7.75,22.0,225.0,2024-06-15 15:15:53,54
2024-06-15 15:20:17,425,13.0,9.25,16.5,247.5,2024-06-15 15:20:57,34
2024-06-15 15:24:19,451,13.5,8.25,21.5,202.5,2024-06-15 15:25:57,51
2024-06-15 15:30:22,865,17.0,8.5,32.0,225.0,2024-06-15 15:31:50,344
2024-06-15 15:34:24,1193,16.0,4.75,22.5,225.0,2024-06-15 15:36:50,76
2024-06-15 15:40:27,1404,18.5,13.5,25.0,225.0,2024-06-15 15:41:54,69
2024-06-15 15:44:29,1087,15.0,10.5,21.0,225.0,2024-06-15 15:46:54,167
2024-06-15 15:50:32,1451,14.5,8.25,21.5,225.0,2024-06-15 15:51:56,147
2024-06-15 15:54:34,1554,12.5,6.25,18.0,225.0,2024-06-15 15:56:56,76
2024-06-15 16:00:37,1224,10.5,4.0,14.5,247.5,2024-06-15 16:02:00,2
2024-06-15 16:04:39,1343,9.25,4.0,17.5,247.5,2024-06-15 16:07:00,226
2024-06-15 16:10:42,1781,14.5,8.75,22.5,225.0,2024-06-15 16:12:03,85
2024-06-15 16:14:44,1415,14.5,7.5,23.5,225.0,2024-06-15 16:17:03,0
2024-06-15 16:20:47,732,18.0,8.0,28.0,225.0,2024-06-15 16:22:06,0
2024-06-15 16:24:49,462,13.5,8.25,19.0,225.0,2024-06-15 16:27:06,4
2024-06-16 12:41:21,410,8.75,5.0,14.5,225.0,2024-06-16 12:43:13,55
2024-06-16 12:47:24,482,9.5,4.75,14.5,225.0,2024-06-16 12:48:16,46
2024-06-16 12:51:26,446,3.25,0.25,7.75,180.0,2024-06-16 12:53:16,74
2024-06-16 12:57:29,464,8.25,0.5,19.5,202.5,2024-06-16 12:58:20,73
2024-06-16 13:01:31,705,12.5,6.5,17.0,180.0,2024-06-16 13:03:20,167
2024-06-16 13:07:34,1017,6.5,1.75,13.0,225.0,2024-06-16 13:08:23,161
2024-06-16 13:11:36,846,8.75,1.5,18.0,225.0,2024-06-16 13:13:23,78
2024-06-16 13:17:39,728,13.0,8.0,18.0,225.0,2024-06-16 13:18:25,98
2024-06-16 13:21:41,952,13.0,7.0,17.0,225.0,2024-06-16 13:23:25,123
2024-06-16 13:27:44,721,12.5,3.75,20.5,180.0,2024-06-16 13:28:29,0
2024-06-16 13:31:46,589,8.5,4.25,13.5,202.5,2024-06-16 13:33:29,44
2024-06-16 13:37:49,522,4.5,0.0,14.0,202.5,2024-06-16 13:38:32,0
2024-06-16 13:41:51,425,7.5,1.5,15.0,180.0,2024-06-16 13:43:32,13
2024-06-16 13:57:58,375,14.5,9.25,21.0,202.5,2024-06-16 13:58:38,11
2024-06-16 14:02:00,403,17.0,10.0,26.0,202.5,2024-06-16 14:03:38,22
2024-07-16 13:28:36,447,15.5,10.0,21.5,247.5,2024-07-16 13:29:03,48
2024-07-16 13:32:38,417,15.0,7.25,26.5,247.5,2024-07-16 13:34:03,15
2024-07-16 13:36:40,433,18.0,10.0,29.0,247.5,2024-07-16 13:39:05,37
2024-07-16 13:42:43,481,14.5,9.0,21.0,247.5,2024-07-16 13:44:05,14
2024-07-16 13:46:45,459,17.0,10.0,24.5,225.0,2024-07-16 13:49:09,2
2024-07-16 14:02:03,427,17.5,9.5,25.5,247.5,2024-07-16 14:04:12,21
2024-07-16 14:08:06,594,15.0,6.75,22.5,225.0,2024-07-16 14:09:15,137
2024-07-16 14:12:08,363,18.0,10.0,26.0,247.5,2024-07-16 14:14:15,23
2024-07-16 14:42:57,375,16.5,8.75,24.0,225.0,2024-07-16 14:44:24,11
2024-07-16 14:52:24,381,18.5,9.0,25.5,247.5,2024-07-16 14:54:27,8
2024-07-16 15:01:34,430,12.5,5.25,17.5,247.5,2024-07-16 14:59:30,9
2024-07-16 15:03:35,414,18.0,9.0,24.5,247.5,2024-07-16 15:04:30,2
2024-07-16 15:17:50,438,18.5,8.5,26.5,247.5,2024-07-16 15:19:36,18
2024-07-16 15:29:13,444,16.0,10.0,24.5,225.0,2024-07-16 15:29:42,38
2024-07-16 15:49:30,423,13.0,4.75,26.0,270.0,2024-07-16 15:49:48,36
2024-07-16 15:53:32,385,14.0,4.0,24.5,247.5,2024-07-16 15:54:48,3
2024-07-16 15:57:33,400,14.0,9.5,19.5,247.5,2024-07-16 15:59:51,12
2024-07-16 16:48:31,428,12.5,7.0,19.0,247.5,2024-07-16 16:50:07,7
2024-07-16 17:01:34,419,15.5,9.0,26.0,247.5,2024-07-16 17:00:09,0
2024-07-16 17:03:35,447,15.5,10.5,25.5,247.5,2024-07-16 17:05:09,26
2024-07-16 17:09:38,450,12.5,7.5,18.0,247.5,2024-07-16 17:10:12,14
2024-07-16 17:13:40,421,11.5,7.0,18.5,225.0,2024-07-16 17:15:12,4
2024-07-16 17:25:48,411,14.5,7.75,25.5,247.5,2024-07-16 17:25:16,0
2024-07-16 17:27:48,427,13.0,8.0,18.5,247.5,2024-07-16 17:30:18,17
2024-07-16 17:41:45,373,8.0,4.5,13.0,247.5,2024-07-16 17:40:21,0
